FDA_Drug_Name,BBB_Matched_Name,BBB_Status
"1,2-benzodiazepine",,Unknown
"1,2-distearoyllecithin",,Unknown
"1,2-icosapentoyl-sn-glycero-3-phosphoserine",,Unknown
1-palmitoyl-2-oleoyl-sn-glycero-3-(phospho-rac-(1-glycerol)),,Unknown
"2,2'-dibenzothiazyl disulfide",,Unknown
2-mercaptobenzothiazole,,Unknown
4-(isopropylamino)diphenylamine,,Unknown
5-o-phosphono-alpha-d-ribofuranosyl diphosphate,,Unknown
abacavir,abacavir,BBB+
abametapir,,Unknown
abarelix,,Unknown
abemaciclib,,Unknown
abiraterone,,Unknown
abrocitinib,,Unknown
acalabrutinib,acalabrutinib,BBB-
acamprosate,,Unknown
acarbose,acarbose,BBB-
acebutolol,acebutolol,BBB+
aceclidine,,Unknown
aceclofenac,aceclofenac,BBB-
acemetacin,acemetacin,BBB-
acenocoumarol,,Unknown
acetaminophen,acetaminophen (p-acetamidophenol),BBB+
acetarsol,,Unknown
acetazolamide,acetazolamide,BBB+
acetic acid,,Unknown
acetohexamide,,Unknown
acetohydroxamic acid,acetohydroxamic acid,BBB-
acetophenazine,acetophenazine,BBB+
acetyl sulfisoxazole,,Unknown
acetylcarnitine,,Unknown
acetylcholine,,Unknown
acetylcysteine,acetylcysteine,BBB-
acetyldigitoxin,acetyldigitoxin,BBB-
acetylene,,Unknown
acetylsalicylic acid,,Unknown
acipimox,acipimox,BBB+
acitretin,acitretin,BBB-
aclidinium,,Unknown
acrivastine,acrivastine,BBB-
activated charcoal,,Unknown
acyclovir,,Unknown
adagrasib,,Unknown
adapalene,adapalene,BBB-
adefovir dipivoxil,adefovir dipivoxil,BBB-
ademetionine,,Unknown
adenine,adenine,BBB-
adenosine,,Unknown
adenosine phosphate,,Unknown
adiphenine,,Unknown
afamelanotide,,Unknown
afatinib,,Unknown
agomelatine,,Unknown
ajmaline,ajmaline,BBB-
alatrofloxacin,,Unknown
albendazole,albendazole,BBB+
alcaftadine,,Unknown
alclofenac,alclofenac,BBB-
alclometasone,alclometasone,BBB+
alcloxa,,Unknown
alectinib,,Unknown
alendronic acid,,Unknown
alfacalcidol,alfacalcidol,BBB-
alfentanil,"alfentanil, rapifen",BBB+
alfuzosin,alfuzosin,BBB-
alimemazine,alimemazine,BBB+
aliskiren,aliskiren,BBB-
alitretinoin,,Unknown
allantoin,,Unknown
alloin,,Unknown
allopurinol,,Unknown
almasilate,,Unknown
almitrine,,Unknown
almotriptan,almotriptan,BBB+
alogliptin,,Unknown
alosetron,alosetron,BBB-
alpelisib,alpelisib,BBB-
alpha-amyl cinnamaldehyde,,Unknown
alpha-arbutin,,Unknown
alpha-linolenic acid,,Unknown
alpha-tocopherol succinate,,Unknown
alprazolam,alprazolam,BBB+
alprostadil,alprostadil,BBB-
altretamine,altretamine,BBB-
aluminium,,Unknown
aluminium phosphate,,Unknown
aluminum acetate,,Unknown
aluminum chloride,,Unknown
aluminum chlorohydrate,,Unknown
aluminum hydroxide,,Unknown
aluminum oxide,,Unknown
aluminum subacetate,,Unknown
aluminum sulfate,,Unknown
aluminum zirconium octachlorohydrex gly,,Unknown
alverine,,Unknown
alvimopan,,Unknown
amantadine,amantadine,BBB+
ambenonium,,Unknown
ambrisentan,,Unknown
ambroxol,ambroxol,BBB-
amcinonide,amcinonide,BBB+
amifampridine,,Unknown
amifostine,amifostine,BBB-
amikacin,amikacin,BBB+
amiloride,amiloride,BBB-
amiloxate,,Unknown
aminobenzoic acid,,Unknown
aminocaproic acid,aminocaproic acid,BBB-
aminoglutethimide,(r)-aminoglutethimide,BBB+
aminohippuric acid,,Unknown
aminolevulinic acid,,Unknown
aminophenazone,aminophenazone,BBB+
aminophylline,aminophylline,BBB-
aminosalicylic acid,aminosalicylic acid,BBB-
amiodarone,amiodarone,BBB-
amisulpride,amisulpride,BBB+
amitriptyline,amitriptyline,BBB+
amitriptylinoxide,amitriptylinoxide,BBB+
amlexanox,amlexanox,BBB-
amlodipine,,Unknown
ammonia n-13,,Unknown
ammonia n-13,,Unknown
ammonium carbonate,,Unknown
ammonium chloride,,Unknown
ammonium lactate,,Unknown
amobarbital,amobarbital,BBB+
amodiaquine,amodiaquine,BBB-
amorolfine,,Unknown
amoxapine,amoxapine,BBB+
amoxicillin,amoxicillin,BBB-
amphetamine,amphetamine,BBB+
amphotericin b,amphotericin b,BBB-
ampicillin,ampicillin,BBB-
amprenavir,amprenavir,BBB+
amrinone,amrinone,BBB-
amsacrine,amsacrine,BBB-
amyl nitrite,,Unknown
amylmetacresol,,Unknown
amylocaine,,Unknown
anagrelide,,Unknown
anastrozole,anastrozole,BBB-
anethole,,Unknown
anethole trithione,,Unknown
anidulafungin,,Unknown
anileridine,anileridine,BBB+
anisindione,anisindione,BBB-
anisotropine methylbromide,,Unknown
antazoline,antazoline,BBB-
anthralin,anthralin,BBB-
antipyrine,,Unknown
antrafenine,antrafenine,BBB-
apalutamide,,Unknown
apixaban,apixaban,BBB-
apomorphine,apomorphine,BBB+
apraclonidine,,Unknown
apremilast,,Unknown
aprepitant,aprepitant,BBB+
apronalide,,Unknown
arbutamine,,Unknown
arbutin,,Unknown
arformoterol,,Unknown
argatroban,argatroban,BBB-
aripiprazole,"aripiprazole, abilify",BBB+
aripiprazole lauroxil,,Unknown
armodafinil,armodafinil,BBB+
arsenic trioxide,,Unknown
artemether,,Unknown
artemotil,,Unknown
artenimol,,Unknown
artesunate,,Unknown
articaine,,Unknown
arzoxifene,,Unknown
asciminib,,Unknown
ascorbic acid,,Unknown
asenapine,asenapine,BBB+
asparagine,,Unknown
aspartic acid,,Unknown
astemizole,astemizole,BBB+
asunaprevir,,Unknown
ataluren,,Unknown
atazanavir,atazanavir,BBB-
atenolol,atenolol,BBB-
atogepant,,Unknown
atomoxetine,atomoxetine,BBB+
atorvastatin,atorvastatin,BBB-
atosiban,,Unknown
atovaquone,atovaquone,BBB-
atracurium besylate,,Unknown
atropine,atropine,BBB+
attapulgite,,Unknown
auranofin,,Unknown
aurothioglucose,,Unknown
avacopan,,Unknown
avanafil,avanafil,BBB-
avapritinib,,Unknown
avatrombopag,,Unknown
avibactam,,Unknown
avobenzone,,Unknown
axitinib,axitinib,BBB-
azacitidine,,Unknown
azatadine,azatadine,BBB+
azathioprine,azathioprine,BBB-
azelaic acid,,Unknown
azelastine,,Unknown
azilsartan medoxomil,,Unknown
azithromycin,azithromycin,BBB-
azlocillin,,Unknown
aztreonam,aztreonam,BBB-
bacampicillin,,Unknown
bacitracin,bacitracin,BBB-
baclofen,baclofen,BBB-
baloxavir marboxil,,Unknown
balsalazide,balsalazide,BBB-
baricitinib,,Unknown
barium sulfate,,Unknown
bazedoxifene,bazedoxifene,BBB-
beclomethasone dipropionate,,Unknown
bedaquiline,,Unknown
belinostat,,Unknown
belumosudil,,Unknown
belzutifan,,Unknown
bemotrizinol,,Unknown
bempedoic acid,,Unknown
benazepril,benazepril,BBB-
bendamustine,,Unknown
bendazac,,Unknown
bendroflumethiazide,bendroflumethiazide,BBB-
benfotiamine,benfotiamine,BBB+
benorilate,,Unknown
benoxaprofen,benoxaprofen,BBB-
benperidol,benperidol,BBB+
benserazide,benserazide,BBB-
benzatropine,,Unknown
benzethonium,,Unknown
benzhydrocodone,,Unknown
benziodarone,,Unknown
benznidazole,benznidazole,BBB-
benzocaine,benzocaine,BBB+
benzoic acid,,Unknown
benzoin,,Unknown
benzonatate,benzonatate,BBB-
benzoyl peroxide,benzoyl peroxide,BBB-
benzphetamine,benzphetamine(benzfetamine),BBB+
benzthiazide,benzthiazide,BBB-
benzydamine,benzydamine,BBB+
benzyl alcohol,benzyl alcohol,BBB+
benzyl benzoate,benzyl benzoate,BBB-
benzylparaben,,Unknown
benzylpenicillin,benzylpenicillin,BBB-
bepotastine,,Unknown
bepridil,bepridil,BBB-
berberine,,Unknown
berotralstat,,Unknown
besifloxacin,besifloxacin,BBB-
beta carotene,beta-carotene,BBB-
betahistine,betahistine (y-g 14),BBB+
betaine,,Unknown
betamethasone,,Unknown
betamethasone phosphate,,Unknown
betaxolol,betaxolol,BBB+
betazole,betazole,BBB-
bethanechol,bethanechol,BBB-
bethanidine,,Unknown
betiatide,,Unknown
betrixaban,,Unknown
betulinic acid,,Unknown
bexarotene,bexarotene,BBB-
bezafibrate,bezafibrate,BBB-
bicalutamide,bicalutamide,BBB-
bicisate,,Unknown
bictegravir,,Unknown
bifonazole,bifonazole,BBB-
biguanide,,Unknown
bilastine,bilastine,BBB-
bimatoprost,,Unknown
binimetinib,,Unknown
bioallethrin,,Unknown
biotin,biotin,BBB+
biperiden,biperiden,BBB+
bisacodyl,bisacodyl,BBB-
bismuth subcitrate potassium,,Unknown
bismuth subgallate,,Unknown
bismuth subnitrate,,Unknown
bismuth subsalicylate,,Unknown
bisoctrizole,,Unknown
bisoprolol,,Unknown
bisoxatin,,Unknown
bisphenol a diglycidyl ether,,Unknown
bithionol,bithionol,BBB-
bivalirudin,,Unknown
bleomycin,,Unknown
boceprevir,,Unknown
boric acid,,Unknown
bortezomib,,Unknown
bortezomib d-mannitol,,Unknown
boscalid,,Unknown
bosentan,bosentan,BBB-
bosutinib,bosutinib,BBB-
bretylium,bretylium,BBB-
brexanolone,,Unknown
brexpiprazole,,Unknown
brigatinib,,Unknown
brilliant blue g,,Unknown
brilliant green cation,,Unknown
brimonidine,brimonidine,BBB+
brincidofovir,,Unknown
brinzolamide,brinzolamide,BBB-
brivaracetam,,Unknown
brivudine,brivudine,BBB-
bromazepam,bromazepam,BBB+
bromfenac,bromfenac,BBB-
bromhexine,bromhexine,BBB-
bromocriptine,bromocriptine,BBB-
bromodiphenhydramine,bromodiphenhydramine,BBB+
bromothalonil,,Unknown
bromotheophylline,,Unknown
bromperidol,bromperidol,BBB+
brompheniramine,brompheniramine,BBB+
bronopol,,Unknown
bucetin,,Unknown
buclizine,buclizine,BBB+
budesonide,budesonide,BBB+
bufexamac,,Unknown
bumadizone,,Unknown
bumetanide,bumetanide,BBB-
bupivacaine,bupivacaine,BBB-
buprenorphine,buprenorphine,BBB+
bupropion,bupropion (zyban),BBB+
buserelin,,Unknown
buspirone,buspirone,BBB+
busulfan,busulfan,BBB+
butabarbital,,Unknown
butacaine,,Unknown
butalbital,butalbital,BBB+
butamben,,Unknown
butaperazine,butaperazine,BBB+
butenafine,,Unknown
butobarbital,,Unknown
butoconazole,butoconazole,BBB-
butorphanol,butorphanol,BBB+
butylene glycol,,Unknown
butylparaben,,Unknown
butylscopolamine,,Unknown
cabazitaxel,,Unknown
cabergoline,cabergoline,BBB+
cabotegravir,,Unknown
cabozantinib,,Unknown
caffeine,caffeine,BBB+
calcifediol,,Unknown
calcipotriol,calcipotriol,BBB-
calcitriol,calcitriol,BBB-
calcium acetate,,Unknown
calcium ascorbate,,Unknown
calcium carbimide,,Unknown
calcium carbonate,,Unknown
calcium chloride,,Unknown
calcium citrate,,Unknown
calcium glubionate anhydrous,,Unknown
calcium glucoheptonate,,Unknown
calcium gluconate,,Unknown
calcium glycerophosphate,,Unknown
calcium lactate,,Unknown
calcium levulinate,,Unknown
calcium phosphate,,Unknown
calcium phosphate dihydrate,,Unknown
calcium saccharate,,Unknown
calcium threonate,,Unknown
calcium undecylenate,,Unknown
camphor,camphor,BBB+
canagliflozin,,Unknown
candesartan cilexetil,candesartan cilexetil,BBB-
candicidin,,Unknown
cangrelor,,Unknown
cannabidiol,(+)-cannabidiol,BBB+
canrenoic acid,,Unknown
cantharidin,,Unknown
capecitabine,capecitabine,BBB+
capmatinib,,Unknown
capreomycin,,Unknown
capsaicin,,Unknown
captopril,captopril,BBB-
carbamazepine,"carbamazepine, 9,10-epoxide",BBB+
carbamide peroxide,,Unknown
carbamoylcholine,,Unknown
carbenicillin,carbenicillin,BBB+
carbetocin,,Unknown
carbidopa,carbidopa,BBB-
carbimazole,carbimazole,BBB-
carbinoxamine,carbinoxamine,BBB+
carbocisteine,,Unknown
carbocromen,,Unknown
carbon dioxide,,Unknown
carboplatin,,Unknown
carboprost tromethamine,,Unknown
carboxin,,Unknown
carfilzomib,carfilzomib,BBB-
carglumic acid,,Unknown
carindacillin,carindacillin,BBB-
cariprazine,,Unknown
carisoprodol,carisoprodol,BBB+
carmustine,,Unknown
carprofen,,Unknown
carteolol,carteolol,BBB+
carvedilol,carvedilol,BBB-
caspofungin,,Unknown
cedazuridine,,Unknown
cefaclor,cefaclor,BBB-
cefadroxil,cefadroxil,BBB-
cefalotin,cefalotin,BBB-
cefamandole,cefamandole,BBB-
cefamandole nafate,cefamandole nafate,BBB-
cefapirin,,Unknown
cefazolin,cefazolin,BBB-
cefdinir,cefdinir,BBB-
cefditoren,cefditoren,BBB-
cefepime,cefepime,BBB-
cefiderocol,,Unknown
cefixime,cefixime,BBB-
cefmenoxime,cefmenoxime,BBB-
cefmetazole,cefmetazole,BBB-
cefonicid,cefonicid,BBB-
cefoperazone,cefoperazone,BBB-
ceforanide,ceforanide,BBB-
cefotaxime,cefotaxime,BBB-
cefotetan,cefotetan,BBB-
cefotiam,cefotiam,BBB-
cefoxitin,cefoxitin,BBB-
cefpiramide,cefpiramide,BBB-
cefpirome,cefpirome,BBB-
cefpodoxime,cefpodoxime,BBB-
cefprozil,cefprozil,BBB-
cefradine,,Unknown
ceftaroline fosamil,,Unknown
ceftazidime,ceftazidime,BBB+
ceftibuten,ceftibuten,BBB-
ceftizoxime,ceftizoxime,BBB-
ceftobiprole,,Unknown
ceftobiprole medocaril,,Unknown
ceftolozane,,Unknown
ceftriaxone,ceftriaxone,BBB+
cefuroxime,cefuroxime,BBB+
celecoxib,"celecoxib, celebrex",BBB+
celiprolol,(s)-celiprolol,BBB-
cenobamate,,Unknown
cephalexin,cephalexin,BBB-
cephaloglycin,cephaloglycin,BBB-
ceritinib,,Unknown
cerivastatin,cerivastatin,BBB+
ceruletide,,Unknown
cetalkonium,,Unknown
cetirizine,(s)-cetirizine,BBB-
cetrimonium,,Unknown
cetrorelix,,Unknown
cetyl alcohol,,Unknown
cetylpyridinium,,Unknown
cevimeline,cevimeline,BBB-
chenodeoxycholic acid,,Unknown
chloral hydrate,,Unknown
chlorambucil,chlorambucil,BBB-
chloramphenicol,chloramphenicol,BBB-
chloramphenicol palmitate,chloramphenicol palmitate,BBB-
chloramphenicol succinate,,Unknown
chlorcyclizine,chlorcyclizine,BBB+
chlordiazepoxide,chlordiazepoxide,BBB+
chlorhexidine,,Unknown
chloric acid,,Unknown
chlormerodrin,,Unknown
chlormerodrin hg-197,,Unknown
chlormezanone,chlormezanone,BBB+
chlorobutanol,chlorobutanol,BBB+
chloroform,,Unknown
chloroprocaine,,Unknown
chloroquine,chloroquine,BBB+
chlorothiazide,chlorothiazide,BBB-
chloroxine,chloroxine,BBB-
chloroxylenol,,Unknown
chlorphenesin,chlorphenesin,BBB+
chlorphenesin carbamate,chlorphenesin carbamate,BBB+
chlorpheniramine,chlorpheniramine,BBB+
chlorpromazine,chlorpromazine,BBB+
chlorpropamide,chlorpropamide,BBB-
chlorprothixene,chlorprothixene,BBB+
chlorquinaldol,,Unknown
chlortetracycline,chlortetracycline,BBB-
chlorthalidone,chlorthalidone,BBB-
chlorzoxazone,chlorzoxazone,BBB+
cholecalciferol,cholecalciferol (undefined stereochemistry),BBB-
cholesterol,,Unknown
cholic acid,,Unknown
choline,choline,BBB+
choline,choline,BBB+
choline,choline,BBB+
choline c 11,,Unknown
choline c 11,,Unknown
choline c 11,,Unknown
choline c-11,,Unknown
choline c-11,,Unknown
choline c-11,,Unknown
choline magnesium trisalicylate,,Unknown
choline salicylate,,Unknown
chromic chloride,,Unknown
chromic nitrate,,Unknown
chromium,,Unknown
chromium cr-51,,Unknown
chromium gluconate,,Unknown
chromium nicotinate,,Unknown
chromium picolinate,,Unknown
chromous sulfate,,Unknown
cianidanol,,Unknown
ciclesonide,ciclesonide,BBB+
ciclopirox,ciclopirox,BBB-
cidofovir,cidofovir,BBB-
cilastatin,,Unknown
cilazapril,,Unknown
cilostazol,cilostazol,BBB-
cimetidine,cimetidine,BBB-
cinacalcet,,Unknown
cinchocaine,,Unknown
cinnamaldehyde,,Unknown
cinnamyl alcohol,,Unknown
cinnarizine,cinnarizine,BBB+
cinoxacin,cinoxacin,BBB-
cinoxate,,Unknown
ciprofibrate,ciprofibrate,BBB-
ciprofloxacin,ciprofloxacin,BBB-
cisapride,cisapride,BBB+
cisatracurium,,Unknown
cisplatin,,Unknown
citalopram,citalopram,BBB+
citicoline,,Unknown
citric acid,,Unknown
cladribine,cladribine,BBB+
clarithromycin,clarithromycin,BBB-
clascoterone,,Unknown
clavulanic acid,,Unknown
clemastine,clemastine,BBB+
clenbuterol,clenbuterol,BBB-
clevidipine,clevidipine,BBB-
clidinium,clidinium,BBB-
clindamycin,clindamycin,BBB-
clioquinol,clioquinol,BBB-
clobazam,clobazam,BBB+
clobetasol,clobetasol,BBB+
clobetasol propionate,clobetasol-propionate,BBB+
clobetasone,clobetasone,BBB+
clocortolone,clocortolone,BBB+
clodronic acid,clodronic acid,BBB-
clofarabine,clofarabine,BBB-
clofazimine,clofazimine,BBB-
clofedanol,,Unknown
clofibrate,,Unknown
clomifene,,Unknown
clomipramine,clomipramine,BBB+
clonazepam,clonazepam,BBB+
clonidine,clonidine,BBB+
clopidogrel,clopidogrel,BBB-
clorazepic acid,,Unknown
clothiapine,clothiapine (clotiapine),BBB+
clotiazepam,clotiazepam,BBB+
clotrimazole,clotrimazole,BBB-
cloxacillin,cloxacillin,BBB-
clozapine,,Unknown
cobalt,,Unknown
cobalt chloride,,Unknown
cobicistat,,Unknown
cobimetinib,,Unknown
cocaine,cocaine,BBB+
cocarboxylase,,Unknown
codeine,codeine,BBB+
coenzyme m,,Unknown
colchiceine,,Unknown
colchicine,colchicine,BBB+
colfosceril palmitate,,Unknown
colistimethate,,Unknown
colistin,,Unknown
conivaptan,conivaptan,BBB-
copanlisib,,Unknown
copper,,Unknown
copper cu-64,,Unknown
copper gluconate,,Unknown
copper oxodotreotide cu-64,,Unknown
cortisone acetate,cortisone acetate,BBB+
creatine,,Unknown
crisaborole,,Unknown
crizotinib,crizotinib,BBB-
cromoglicic acid,,Unknown
crotamiton,crotamiton,BBB-
cupric chloride,,Unknown
cupric oxide,,Unknown
cupric sulfate,,Unknown
curcumin,,Unknown
cyanocobalamin,,Unknown
cyanocobalamin co-57,,Unknown
cyanocobalamin co-60,,Unknown
cyclacillin,cyclacillin,BBB-
cyclandelate,cyclandelate,BBB-
cyclizine,cyclizine,BBB+
cyclobenzaprine,cyclobenzaprine,BBB+
cycloguanil,cycloguanil,BBB-
cyclopenthiazide,,Unknown
cyclopentolate,cyclopentolate,BBB-
cyclophosphamide,cyclophosphamide,BBB-
cycloserine,cycloserine,BBB+
cyclosporine,,Unknown
cyclothiazide,cyclothiazide,BBB-
cycrimine,,Unknown
cyproheptadine,cyproheptadine,BBB+
cyproterone acetate,,Unknown
cysteamine,cysteamine,BBB-
cysteine,,Unknown
cystine,,Unknown
cytarabine,cytarabine,BBB+
dabigatran,,Unknown
dabigatran etexilate,,Unknown
dabrafenib,,Unknown
dacarbazine,dacarbazine,BBB+
daclatasvir,,Unknown
dacomitinib,,Unknown
dactinomycin,dactinomycin,BBB-
dalfampridine,,Unknown
dalfopristin,dalfopristin,BBB-
d-alpha-tocopherol acetate,,Unknown
d-alpha-tocopherol acetate,,Unknown
danazol,,Unknown
dantrolene,dantrolene,BBB-
dantron,,Unknown
dapagliflozin,,Unknown
dapiprazole,dapiprazole,BBB-
dapsone,dapsone,BBB-
daptomycin,,Unknown
daridorexant,,Unknown
darifenacin,darifenacin,BBB+
darolutamide,,Unknown
darunavir,darunavir,BBB-
dasabuvir,,Unknown
dasatinib,dasatinib,BBB-
daunorubicin,daunorubicin,BBB-
debrisoquine,debrisoquine,BBB-
decamethonium,decamethonium,BBB-
decitabine,decitabine,BBB-
deferasirox,deferasirox,BBB-
deferiprone,,Unknown
deferoxamine,deferoxamine,BBB-
deflazacort,deflazacort,BBB+
degarelix,,Unknown
dehydrocholic acid,dehydrocholic acid,BBB-
delafloxacin,,Unknown
delamanid,,Unknown
delavirdine,delavirdine,BBB-
demecarium,,Unknown
demeclocycline,demeclocycline,BBB-
deoxycholic acid,,Unknown
dequalinium,,Unknown
deserpidine,deserpidine,BBB+
desflurane,desflurane (suprane),BBB+
desipramine,desipramine,BBB+
deslanoside,,Unknown
desloratadine,desloratadine,BBB-
desmopressin,desmopressin,BBB-
desogestrel,,Unknown
desonide,desonide,BBB+
desoximetasone,desoximetasone,BBB+
desoxycorticosterone acetate,,Unknown
desvenlafaxine,desvenlafaxine,BBB+
deucravacitinib,,Unknown
deutetrabenazine,,Unknown
dexamethasone,dexamethasone,BBB+
dexamethasone acetate,dexamethasone-acetate,BBB+
dexamethasone metasulfobenzoate,,Unknown
dexbrompheniramine,,Unknown
dexchlorpheniramine maleate,,Unknown
dexfenfluramine,,Unknown
dexibuprofen,,Unknown
dexketoprofen,,Unknown
dexlansoprazole,,Unknown
dexmedetomidine,,Unknown
dexmethylphenidate,dexmethylphenidate,BBB+
dexpanthenol,dexpanthenol,BBB-
dexrazoxane,dexrazoxane,BBB-
dextroamphetamine,"dextroamphetamine, dexedrine",BBB+
dextromethorphan,dextromethorphan,BBB+
dextropropoxyphene,dextropropoxyphene,BBB+
dextrothyroxine,,Unknown
dezocine,dezocine,BBB+
d-glucose,,Unknown
diacerein,diacerein,BBB-
diacetyl benzoyl lathyrol,,Unknown
diaminopropanol tetraacetic acid,,Unknown
diamorphine,diamorphine,BBB+
diatrizoate,diatrizoate,BBB-
diazepam,diazepam,BBB+
diazolidinylurea,,Unknown
diazoxide,diazoxide,BBB-
dibekacin,dibekacin,BBB-
dibenzepin,dibenzepin,BBB+
dichloralphenazone,,Unknown
dichloroacetic acid,,Unknown
dichlorobenzyl alcohol,,Unknown
dichromate,,Unknown
diclofenac,diclofenac,BBB-
diclofenamide,,Unknown
dicloxacillin,dicloxacillin,BBB-
dicoumarol,,Unknown
dicyclomine,dicyclomine,BBB-
didanosine,didanosine,BBB-
didecyldimethylammonium,,Unknown
dienestrol,dienestrol,BBB-
dienogest,dienogest,BBB-
diethylamino hydroxybenzoyl hexyl benzoate,,Unknown
diethylcarbamazine,,Unknown
diethylpropion,(r)-diethylpropion,BBB+
diethylstilbestrol,,Unknown
diethyltoluamide,,Unknown
difelikefalin,,Unknown
difenoxin,difenoxin,BBB-
diflorasone,diflorasone,BBB+
diflunisal,,Unknown
difluocortolone,,Unknown
difluprednate,difluprednate,BBB+
digitoxin,digitoxin,BBB-
digoxin,digoxin,BBB-
dihydralazine,,Unknown
dihydro-alpha-ergocryptine,,Unknown
dihydrocodeine,dihydrocodeine,BBB+
dihydroergocornine,,Unknown
dihydroergocristine,,Unknown
dihydroergotamine,dihydroergotamine,BBB-
dihydrostreptomycin,dihydrostreptomycin,BBB-
dihydrotachysterol,dihydrotachysterol,BBB-
diiodohydroxyquinoline,,Unknown
diloxanide furoate,,Unknown
diltiazem,diltiazem,BBB+
dimazole,,Unknown
dimenhydrinate,,Unknown
dimercaprol,dimercaprol,BBB-
dimercaptosuccinic acid,,Unknown
dimethyl fumarate,,Unknown
dimethyl sulfoxide,,Unknown
dimetindene,,Unknown
dimetotiazine,,Unknown
dinoprost,,Unknown
dinoprost tromethamine,,Unknown
dinoprostone,dinoprostone,BBB-
dioctyldimonium,,Unknown
diosmin,diosmin,BBB-
dioxybenzone,,Unknown
dipentamethylenethiuram disulfide,,Unknown
diphemanil,diphemanil,BBB-
diphenhydramine,diphenhydramine,BBB+
diphenidol,,Unknown
diphenoxylate,,Unknown
diphenylguanidine,,Unknown
diphenylpyraline,diphenylpyraline,BBB+
dipivefrin,dipivefrin (dipivefrine),BBB-
dipotassium phosphate,,Unknown
dipyridamole,dipyridamole,BBB+
dipyrithione,,Unknown
diroximel fumarate,,Unknown
disopyramide,disopyramide,BBB-
disperse blue 106,,Unknown
distearyldimonium,,Unknown
disulfiram,disulfiram,BBB-
ditiocarb zinc,,Unknown
dl-alpha tocopheryl acetate,,Unknown
dl-alpha-tocopherol,,Unknown
dl-dimyristoylphosphatidylcholine,,Unknown
dl-dimyristoylphosphatidylglycerol,,Unknown
dl-methylephedrine,,Unknown
d-methionine,,Unknown
d-methionine,,Unknown
dobutamine,,Unknown
docetaxel,docetaxel,BBB-
doconexent,,Unknown
docosanol,,Unknown
docusate,,Unknown
dofetilide,dofetilide,BBB-
dolasetron,dolasetron,BBB+
dolutegravir,,Unknown
domiphen,,Unknown
domperidone,domperidone,BBB+
donepezil,donepezil,BBB+
dopamine,dopamine,BBB-
dopexamine,,Unknown
doravirine,,Unknown
doripenem,,Unknown
dorzolamide,dorzolamide,BBB-
dosulepin,,Unknown
dotatate,,Unknown
dotatate gallium ga-68,,Unknown
doxacurium,,Unknown
doxapram,doxapram,BBB+
doxazosin,,Unknown
doxepin,doxepin,BBB+
doxercalciferol,doxercalciferol,BBB-
doxorubicin,doxorubicin,BBB+
doxycycline,doxycycline,BBB-
doxylamine,doxylamine,BBB+
drometrizole trisiloxane,,Unknown
dronabinol,dronabinol,BBB+
dronedarone,dronedarone,BBB-
droperidol,droperidol,BBB+
drospirenone,,Unknown
drostanolone propionate,,Unknown
drotaverine,drotaverine,BBB+
droxidopa,droxidopa,BBB+
d-serine,,Unknown
duloxetine,duloxetine,BBB+
dutasteride,dutasteride,BBB-
duvelisib,,Unknown
dyclonine,,Unknown
dydrogesterone,dydrogesterone,BBB-
dyphylline,dyphylline,BBB-
ebastine,,Unknown
ecamsule,,Unknown
echothiophate,echothiophate,BBB-
econazole,econazole,BBB-
edaravone,edaravone,BBB+
edetate calcium disodium anhydrous,,Unknown
edetate disodium anhydrous,,Unknown
edetic acid,,Unknown
edotreotide gallium ga-68,,Unknown
edoxaban,edoxaban,BBB-
edoxudine,,Unknown
edrophonium,,Unknown
efavirenz,efavirenz,BBB-
efinaconazole,,Unknown
eflornithine,,Unknown
elagolix,,Unknown
elbasvir,,Unknown
eletriptan,eletriptan,BBB+
elexacaftor,,Unknown
eliglustat,,Unknown
eltrombopag,eltrombopag,BBB-
eluxadoline,,Unknown
elvitegravir,,Unknown
emedastine,emedastine,BBB+
empagliflozin,,Unknown
emtricitabine,,Unknown
enalapril,enalapril,BBB-
enalaprilat,enalaprilat,BBB-
enasidenib,,Unknown
encainide,encainide,BBB-
encorafenib,,Unknown
enflurane,(r)-enflurane,BBB+
enoxacin,,Unknown
enoximone,enoximone,BBB-
enprofylline,enprofylline,BBB-
ensulizole,,Unknown
entacapone,entacapone,BBB+
entecavir,entecavir,BBB-
entrectinib,,Unknown
enzacamene,,Unknown
enzalutamide,,Unknown
ephedrine,ephedrine,BBB-
epicriptine,,Unknown
epinastine,epinastine,BBB+
epinephrine,epinephrine,BBB-
epirubicin,epirubicin,BBB-
eplerenone,eplerenone,BBB-
epoprostenol,epoprostenol,BBB-
eprosartan,eprosartan,BBB-
eravacycline,,Unknown
erdafitinib,erdafitinib,BBB-
erdosteine,,Unknown
ergocalciferol,ergocalciferol,BBB-
ergometrine,,Unknown
ergosterol,,Unknown
ergotamine,ergotamine,BBB-
eribulin,eribulin,BBB-
erlotinib,,Unknown
ertapenem,,Unknown
ertugliflozin,ertugliflozin,BBB-
erythrityl tetranitrate,,Unknown
erythromycin,erythromycin,BBB-
escitalopram,escitalopram,BBB+
esculin,,Unknown
esketamine,esketamine,BBB+
eslicarbazepine,,Unknown
eslicarbazepine acetate,,Unknown
esmolol,,Unknown
esomeprazole,,Unknown
estazolam,estazolam,BBB+
estetrol,,Unknown
estradiol,estradiol,BBB+
estradiol acetate,,Unknown
estradiol benzoate,,Unknown
estradiol cypionate,,Unknown
estradiol dienanthate,,Unknown
estradiol valerate,estradiol valerate,BBB-
estramustine,estramustine,BBB-
estramustine phosphate,,Unknown
estriol,estriol,BBB-
estrone,estrone,BBB-
estrone sulfate,,Unknown
eszopiclone,"eszopiclone, lunesta",BBB+
etacrynic acid,,Unknown
etafedrine,,Unknown
etelcalcetide,,Unknown
ethambutol,ethambutol,BBB-
ethanol,ethanol,BBB+
ethanolamine oleate,ethanolamine oleate,BBB-
ethchlorvynol,ethchlorvynol,BBB+
ethinamate,,Unknown
ethinylestradiol,,Unknown
ethionamide,ethionamide,BBB+
ethoheptazine,,Unknown
ethosuximide,ethosuximide,BBB+
ethotoin,ethotoin,BBB+
ethyl chloride,,Unknown
ethyl ferulate,,Unknown
ethyl hydroxybenzoate,,Unknown
ethyl salicylate,,Unknown
ethylenediamine,,Unknown
ethylhexyl methoxycrylene,,Unknown
ethynodiol diacetate,,Unknown
etidocaine,,Unknown
etidronic acid,etidronic acid,BBB-
etilefrine,etilefrine,BBB-
etodolac,etodolac,BBB-
etofamide,,Unknown
etomidate,etomidate,BBB+
etonogestrel,etonogestrel,BBB-
etoposide,etoposide,BBB-
etoricoxib,etoricoxib,BBB-
etravirine,etravirine,BBB-
eugenol,,Unknown
everolimus,"everolimus, rad001",BBB+
exametazime,,Unknown
exemestane,exemestane,BBB-
ezetimibe,,Unknown
ezogabine,ezogabine,BBB+
famciclovir,,Unknown
famotidine,famotidine,BBB+
favipiravir,,Unknown
febuxostat,febuxostat,BBB-
fedratinib,,Unknown
felbamate,felbamate,BBB+
felodipine,felodipine,BBB-
fenbufen,fenbufen,BBB-
fenfluramine,fenfluramine,BBB+
fenofibrate,fenofibrate,BBB-
fenofibric acid,,Unknown
fenoldopam,fenoldopam,BBB-
fenoprofen,(s)-fenoprofen,BBB+
fenoterol,fenoterol,BBB-
fenpropidin,,Unknown
fentanyl,fentanyl,BBB+
ferric ammonium citrate,,Unknown
ferric cation,,Unknown
ferric chloride,,Unknown
ferric derisomaltose,,Unknown
ferric glycerophosphate,,Unknown
ferric maltol,,Unknown
ferric pyrophosphate citrate,,Unknown
ferric sulfate,,Unknown
ferrous ascorbate,,Unknown
ferrous bisglycinate,,Unknown
ferrous cysteine glycinate,,Unknown
ferrous fumarate,,Unknown
ferrous gluconate,,Unknown
ferrous glycine sulfate,,Unknown
ferrous succinate,,Unknown
ferrous sulfate anhydrous,,Unknown
ferumoxytol,,Unknown
fesoterodine,,Unknown
fexinidazole,,Unknown
fexofenadine,fexofenadine (allegra),BBB+
fidaxomicin,,Unknown
filgotinib,,Unknown
finafloxacin,,Unknown
finasteride,finasteride,BBB-
finerenone,,Unknown
fingolimod,,Unknown
flavin adenine dinucleotide,,Unknown
flavin mononucleotide,,Unknown
flavone,,Unknown
flavoxate,flavoxate,BBB-
flecainide,,Unknown
flibanserin,,Unknown
floctafenine,floctafenine,BBB-
florbetaben (18f),,Unknown
florbetapir (18f),,Unknown
flortaucipir f-18,,Unknown
flosequinan,,Unknown
floxuridine,floxuridine,BBB-
fluciclovine (18f),,Unknown
fluclorolone acetonide,fluclorolone-acetonide,BBB+
flucloxacillin,flucloxacillin,BBB-
fluconazole,fluconazole,BBB+
flucytosine,flucytosine,BBB+
fludarabine,,Unknown
fludeoxyglucose (18f),,Unknown
fludrocortisone,fludrocortisone,BBB+
flufenamic acid,,Unknown
fluindione,,Unknown
flumazenil,flumazenil,BBB+
flumethasone,flumethasone(flumetasoneanddiflorasone),BBB+
flunarizine,flunarizine,BBB+
flunisolide,flunisolide,BBB-
flunitrazepam,flunitrazepam,BBB+
fluocinolone acetonide,fluocinolone-acetonide,BBB+
fluocinonide,fluocinonide,BBB+
fluocortolone,fluocortolone,BBB+
fluorescein,fluorescein,BBB-
fluoride ion,,Unknown
fluoride ion f-18,,Unknown
fluorodopa (18f),,Unknown
fluoroestradiol f-18,,Unknown
fluorometholone,fluorometholone,BBB+
fluorouracil,,Unknown
fluoxetine,fluoxetine,BBB+
fluoxymesterone,fluoxymesterone,BBB-
flupentixol,flupentixol,BBB-
fluphenazine,fluphenazine,BBB+
fluprednisolone,fluprednisolone,BBB+
flurandrenolide,flurandrenolide,BBB+
flurazepam,flurazepam,BBB+
flurbiprofen,flurbiprofen,BBB-
fluspirilene,fluspirilene,BBB+
flutamide,flutamide,BBB-
flutemetamol (18f),,Unknown
fluticasone,fluticasone,BBB+
fluticasone furoate,,Unknown
fluticasone propionate,fluticasone propionate,BBB+
fluvastatin,fluvastatin,BBB+
fluvoxamine,fluvoxamine,BBB+
folic acid,folic acid,BBB+
fomepizole,fomepizole,BBB-
fondaparinux,,Unknown
formaldehyde,,Unknown
formestane,formestane,BBB-
formoterol,formoterol,BBB-
fosamprenavir,,Unknown
fosaprepitant,,Unknown
foscarnet,,Unknown
fosdenopterin,,Unknown
fosfomycin,fosfomycin,BBB+
fosinopril,fosinopril,BBB-
fosnetupitant,,Unknown
fosphenytoin,fosphenytoin,BBB+
fospropofol,,Unknown
fostamatinib,fostamatinib,BBB-
fostemsavir,,Unknown
framycetin,framycetin,BBB-
frovatriptan,,Unknown
fructose,,Unknown
fulvestrant,,Unknown
furosemide,furosemide,BBB-
fursultiamine,fursultiamine,BBB+
fusafungine,,Unknown
fusidic acid,fusidic acid,BBB-
futibatinib,,Unknown
gabapentin,gabapentin,BBB+
gabapentin enacarbil,,Unknown
gadobenic acid,,Unknown
gadobutrol,,Unknown
gadodiamide,,Unknown
gadofosveset trisodium,,Unknown
gadolinium,,Unknown
gadopentetic acid,,Unknown
gadopiclenol,,Unknown
gadoteric acid,,Unknown
gadoteridol,,Unknown
gadoversetamide,,Unknown
gadoxetic acid,,Unknown
galactose,,Unknown
galantamine,,Unknown
gallamine triethiodide,gallamine triethiodide,BBB-
gallium chloride ga-67,,Unknown
gallium citrate ga-67,,Unknown
gallium ga-68 gozetotide,,Unknown
gallium nitrate,,Unknown
gallium-68 psma,,Unknown
gamma-aminobutyric acid,,Unknown
gamma-hydroxybutyric acid,gamma hydroxybutyric acid,BBB+
gamolenic acid,,Unknown
ganaxolone,ganaxolone,BBB+
ganciclovir,,Unknown
ganirelix,,Unknown
gatifloxacin,gatifloxacin,BBB-
gaxilose,,Unknown
gefitinib,gefitinib,BBB+
gemcitabine,gemcitabine,BBB-
gemeprost,,Unknown
gemfibrozil,gemfibrozil,BBB-
gemifloxacin,gemifloxacin,BBB-
gentamicin,gentamicin,BBB-
gentian violet cation,,Unknown
geraniol,,Unknown
gestonorone caproate,,Unknown
gestrinone,gestrinone,BBB-
gilteritinib,,Unknown
gimeracil,,Unknown
glasdegib,,Unknown
glecaprevir,,Unknown
gliclazide,gliclazide,BBB-
glimepiride,glimepiride,BBB-
glipizide,glipizide,BBB-
gliquidone,gliquidone,BBB-
gluconic acid,,Unknown
gluconolactone,gluconolactone,BBB-
glucosamine,,Unknown
glutamic acid,glutamic acid,BBB-
glutathione,,Unknown
glutathione disulfide,,Unknown
glutethimide,(s)-glutethimide,BBB+
glyburide,,Unknown
glycerin,,Unknown
glycerol phenylbutyrate,glycerol phenylbutyrate,BBB-
glycine,glycine,BBB+
glycol salicylate,,Unknown
glycolic acid,,Unknown
glycopyrronium,,Unknown
glycyrrhizic acid,,Unknown
glymidine,,Unknown
gonadorelin,gonadorelin,BBB-
goserelin,goserelin,BBB-
gramicidin d,,Unknown
granisetron,granisetron,BBB+
grazoprevir,,Unknown
grepafloxacin,grepafloxacin,BBB-
griseofulvin,griseofulvin,BBB-
guaiacol,,Unknown
guaifenesin,,Unknown
guanabenz,guanabenz,BBB-
guanadrel,,Unknown
guanethidine,,Unknown
guanfacine,,Unknown
guanidine,guanidine,BBB-
guanoxan,,Unknown
halazepam,halazepam,BBB+
halcinonide,halcinonide,BBB+
halofantrine,,Unknown
haloperidol,haloperidol,BBB+
haloprogin,haloprogin,BBB-
halothane,halothane,BBB+
helium,,Unknown
hesperidin,,Unknown
hetacillin,hetacillin,BBB-
hexachlorophene,hexachlorophene,BBB-
hexafluronium,hexafluronium,BBB-
hexamidine,,Unknown
hexaminolevulinate,,Unknown
hexetidine,,Unknown
hexobendine,,Unknown
hexocyclium,hexocyclium,BBB-
hexylcaine,,Unknown
hexylresorcinol,,Unknown
histamine,,Unknown
histrelin,,Unknown
homatropine,homatropine,BBB-
homatropine methylbromide,homatropine methylbromide,BBB-
homosalate,,Unknown
huperzine a,,Unknown
hyaluronic acid,,Unknown
hydralazine,hydralazine,BBB-
hydrochlorothiazide,hydrochlorothiazide,BBB-
hydrocodone,hydrocodone,BBB+
hydrocortamate,hydrocortamate,BBB+
hydrocortisone,hydrocortisone,BBB-
hydrocortisone acetate,hydrocortisone-acetate,BBB+
hydrocortisone butyrate,hydrocortisone-butyrate,BBB+
hydrocortisone cypionate,hydrocortisone cypionate,BBB+
hydrocortisone phosphate,,Unknown
hydrocortisone probutate,,Unknown
hydrocortisone succinate,,Unknown
hydrocortisone valerate,hydrocortisone-valerate,BBB+
hydroflumethiazide,hydroflumethiazide,BBB-
hydrogen fluoride,,Unknown
hydrogen peroxide,,Unknown
hydromorphone,hydromorphone,BBB+
hydroquinone,,Unknown
hydrotalcite,,Unknown
hydroxocobalamin,,Unknown
hydroxyamphetamine,,Unknown
hydroxychloroquine,hydroxychloroquine,BBB-
hydroxycitronellal,,Unknown
hydroxyethyl cellulose,,Unknown
hydroxyprogesterone caproate,,Unknown
hydroxystilbamidine,,Unknown
hydroxyurea,,Unknown
hydroxyzine,(s)-hydroxyzine,BBB+
hyoscyamine,hyoscyamine,BBB+
hypochlorite,,Unknown
ibandronate,ibandronate,BBB-
ibrexafungerp,,Unknown
ibrutinib,,Unknown
ibuprofen,ibuprofen ,BBB+
ibutilide,ibutilide,BBB-
icatibant,,Unknown
icosapent,,Unknown
icosapent ethyl,,Unknown
idarubicin,idarubicin,BBB-
idebenone,idebenone,BBB+
idelalisib,,Unknown
idoxuridine,,Unknown
ifosfamide,ifosfamide,BBB-
iloperidone,iloperidone,BBB+
iloprost,,Unknown
imatinib,imatinib,BBB-
imidurea,,Unknown
imipenem,imipenem,BBB-
imipramine,imipramine,BBB+
imiquimod,imiquimod,BBB-
indacaterol,,Unknown
indapamide,indapamide,BBB-
indecainide,,Unknown
indigotindisulfonic acid,,Unknown
indinavir,indinavir,BBB+
indium in-111 chloride,,Unknown
indium in-111 oxyquinoline,,Unknown
indium in-111 pentetate,,Unknown
indium in-111 pentetreotide,,Unknown
indocyanine green,,Unknown
indocyanine green acid form,,Unknown
indomethacin,indomethacin,BBB-
indoramin,,Unknown
infigratinib,,Unknown
ingenol mebutate,ingenol mebutate,BBB-
inosine pranobex,,Unknown
inositol,,Unknown
inositol nicotinate,,Unknown
iobenguane,,Unknown
iobenguane sulfate i-123,,Unknown
iobitridol,,Unknown
iocetamic acid,iocetamic acid,BBB-
iodide,,Unknown
iodide,,Unknown
iodide i-123,,Unknown
iodide i-123,,Unknown
iodide i-131,,Unknown
iodide i-131,,Unknown
iodine,,Unknown
iodipamide,,Unknown
iodixanol,,Unknown
iodoform,,Unknown
iodohippurate sodium i-123,,Unknown
iodohippurate sodium i-131,,Unknown
iofetamine i-123,,Unknown
ioflupane i-123,,Unknown
iohexol,iohexol,BBB-
iomeprol,,Unknown
iopamidol,iopamidol,BBB-
iopanoic acid,iopanoic acid,BBB-
iophendylate,,Unknown
iopodic acid,,Unknown
iopromide,,Unknown
iothalamic acid,,Unknown
iotrolan,,Unknown
ioversol,ioversol,BBB-
ioxaglic acid,,Unknown
ioxilan,,Unknown
ioxitalamic acid,,Unknown
ipratropium,ipratropium,BBB-
irbesartan,irbesartan,BBB-
irinotecan,irinotecan,BBB-
iron,,Unknown
iron sucrose,,Unknown
isavuconazole,,Unknown
isavuconazonium,,Unknown
isoaminile,,Unknown
isocarboxazid,isocarboxazid,BBB+
isoconazole,,Unknown
isoetharine,isoetharine,BBB-
isoeugenol,,Unknown
isoflurane,isoflurane,BBB+
isoflurophate,isoflurophate,BBB-
isometheptene,isometheptene,BBB+
isoniazid,,Unknown
isoprenaline,,Unknown
isopropamide,,Unknown
isopropyl alcohol,,Unknown
isopropyl myristate,,Unknown
isosorbide,isosorbide,BBB-
isosorbide dinitrate,isosorbide dinitrate,BBB-
isosorbide mononitrate,isosorbide mononitrate,BBB-
isosulfan blue,,Unknown
isotretinoin,isotretinoin (13-cis-retinoic acid),BBB+
isoxaflutole,,Unknown
isoxicam,,Unknown
isoxsuprine,isoxsuprine,BBB-
isradipine,,Unknown
istradefylline,,Unknown
itraconazole,itraconazole,BBB+
ivabradine,,Unknown
ivacaftor,ivacaftor,BBB-
ivermectin,ivermectin,BBB+
ivosidenib,,Unknown
ixabepilone,,Unknown
ixazomib,,Unknown
kanamycin,kanamycin,BBB-
kaolin,,Unknown
kappadione,,Unknown
kava,,Unknown
ketamine,ketamine,BBB+
ketazolam,ketazolam,BBB+
ketoconazole,ketoconazole,BBB+
ketoprofen,ketoprofen,BBB+
ketorolac,ketorolac,BBB-
ketotifen,ketotifen,BBB+
kinetin,,Unknown
krypton kr 81m,,Unknown
labetalol,labetalol,BBB-
lacidipine,lacidipine,BBB+
lacosamide,,Unknown
lactic acid,lactic acid,BBB+
lactitol,lactitol,BBB-
lactose,,Unknown
lactulose,lactulose,BBB-
lamivudine,lamivudine,BBB-
lamotrigine,lamotrigine,BBB+
lanreotide,,Unknown
lansoprazole,lansoprazole,BBB-
lanthanum carbonate,,Unknown
lapatinib,lapatinib,BBB-
lapyrium,,Unknown
laropiprant,,Unknown
larotrectinib,,Unknown
lasmiditan,,Unknown
lasofoxifene,,Unknown
latamoxef,,Unknown
latanoprost,,Unknown
latanoprostene bunod,,Unknown
lauric acid,,Unknown
laurocapram,,Unknown
ledipasvir,,Unknown
lefamulin,,Unknown
leflunomide,leflunomide,BBB-
lemborexant,,Unknown
lenalidomide,,Unknown
lenvatinib,,Unknown
lercanidipine,lercanidipine,BBB-
lesinurad,,Unknown
letermovir,letermovir,BBB-
letrozole,letrozole,BBB-
leucovorin,,Unknown
leuprolide,leuprolide,BBB-
levacetylmethadol,levacetylmethadol,BBB+
levallorphan,levallorphan,BBB+
levamisole,,Unknown
levamlodipine,,Unknown
levetiracetam,levetiracetam,BBB+
levmetamfetamine,levmetamfetamine,BBB+
levobetaxolol,levobetaxolol,BBB+
levobunolol,levobunolol,BBB+
levobupivacaine,,Unknown
levocabastine,levocabastine,BBB+
levocarnitine,levocarnitine,BBB-
levocetirizine,levocetirizine,BBB-
levodopa,levodopa,BBB+
levofloxacin,levofloxacin,BBB+
levoketoconazole,,Unknown
levoleucovorin,levoleucovorin,BBB+
levomefolic acid,,Unknown
levomenol,,Unknown
levomenthol,,Unknown
levomilnacipran,,Unknown
levonordefrin,,Unknown
levonorgestrel,levonorgestrel,BBB-
levorphanol,levorphanol,BBB+
levosalbutamol,,Unknown
levosimendan,levosimendan,BBB-
levothyroxine,levothyroxine,BBB-
l-glutamine,,Unknown
lidocaine,lidocaine,BBB+
lidoflazine,lidoflazine,BBB-
lifitegrast,,Unknown
light green sf yellowish,,Unknown
linaclotide,,Unknown
linagliptin,,Unknown
lincomycin,lincomycin,BBB-
lindane,lindane,BBB-
linezolid,,Unknown
linoleic acid,,Unknown
linzagolix,,Unknown
liothyronine,liothyronine,BBB-
liotrix,,Unknown
lipoic acid,,Unknown
lisdexamfetamine,lisdexamfetamine,BBB+
lisinopril,lisinopril,BBB-
lisuride,lisuride,BBB+
lithium carbonate,,Unknown
lithium citrate,,Unknown
lithium hydroxide,,Unknown
l-lactic acid,,Unknown
lodoxamide,lodoxamide,BBB-
lofexidine,lofexidine,BBB+
lomefloxacin,lomefloxacin,BBB-
lomitapide,,Unknown
lomustine,lomustine,BBB+
lonafarnib,,Unknown
loperamide,loperamide,BBB+
lopinavir,lopinavir,BBB-
loracarbef,loracarbef,BBB-
loratadine,loratadine,BBB+
lorazepam,lorazepam,BBB+
lorcaserin,,Unknown
lorlatinib,,Unknown
lormetazepam,lormetazepam,BBB+
lornoxicam,lornoxicam,BBB+
lorpiprazole,lorpiprazole,BBB+
losartan,,Unknown
loteprednol,loteprednol,BBB+
loteprednol etabonate,loteprednol etabonate,BBB+
lovastatin,lovastatin,BBB+
loxapine,loxapine,BBB+
loxoprofen,,Unknown
lubiprostone,lubiprostone,BBB-
luliconazole,,Unknown
lumacaftor,,Unknown
lumateperone,,Unknown
lumefantrine,,Unknown
lumefantrine co-artemether,,Unknown
lumiracoxib,,Unknown
lurasidone,,Unknown
lurbinectedin,,Unknown
lusutrombopag,,Unknown
lutein,,Unknown
lutetium lu 177 dotatate,,Unknown
lutetium lu-177,,Unknown
lutetium lu-177 vipivotide tetraxetan,,Unknown
lycopene,,Unknown
lymecycline,"lymecycline, antibiotic for culture media use only",BBB-
lynestrenol,,Unknown
lypressin,,Unknown
lysine,,Unknown
macimorelin,,Unknown
macitentan,,Unknown
mafenide,mafenide,BBB-
magaldrate,,Unknown
magnesium,,Unknown
magnesium acetate,,Unknown
magnesium acetate tetrahydrate,,Unknown
magnesium ascorbate,,Unknown
magnesium carbonate,,Unknown
magnesium cation,,Unknown
magnesium chloride,,Unknown
magnesium citrate,,Unknown
magnesium gluconate,,Unknown
magnesium glycinate,,Unknown
magnesium hydroxide,,Unknown
magnesium malate,,Unknown
magnesium oxide,,Unknown
magnesium silicate,,Unknown
magnesium sulfate,,Unknown
magnesium trisilicate,,Unknown
malathion,malathion,BBB-
mandelic acid,,Unknown
mangafodipir,,Unknown
manganese,,Unknown
manganese citrate,,Unknown
manganese gluconate,,Unknown
manidipine,,Unknown
mannitol,mannitol (d-mannitol),BBB-
mannitol busulfan,,Unknown
maprotiline,maprotiline,BBB+
maralixibat,,Unknown
maraviroc,maraviroc,BBB-
maribavir,,Unknown
masoprocol,,Unknown
mavacamten,,Unknown
mazindol,mazindol,BBB+
mebendazole,mebendazole,BBB-
mebeverine,mebeverine,BBB-
mebrofenin,,Unknown
mebutamate,mebutamate,BBB+
mecamylamine,mecamylamine,BBB-
mechlorethamine,mechlorethamine,BBB-
meclizine,meclizine,BBB+
meclofenamic acid,,Unknown
mecobalamin,,Unknown
medifoxamine,medifoxamine,BBB+
medrogestone,,Unknown
medronic acid,,Unknown
medroxyprogesterone acetate,,Unknown
medrysone,medrysone,BBB+
mefenamic acid,mefenamic acid,BBB-
mefloquine,mefloquine,BBB+
megestrol acetate,megestrol acetate,BBB-
meglumine,,Unknown
melatonin,,Unknown
meloxicam,meloxicam,BBB-
melphalan,melphalan,BBB+
melphalan flufenamide,,Unknown
memantine,memantine,BBB+
menadiol diphosphate,,Unknown
menadione,menadione,BBB-
menthol,menthol,BBB-
menthyl salicylate,,Unknown
mepenzolate,mepenzolate,BBB-
meperidine,meperidine,BBB+
mephenesin,,Unknown
mephentermine,,Unknown
mephenytoin,mephenytoin,BBB+
mepivacaine,,Unknown
meprednisone,meprednisone,BBB+
meprobamate,meprobamate,BBB+
mepyramine,mepyramine (pyrilamine),BBB+
mequinol,mequinol,BBB-
meradimate,,Unknown
mercaptopurine,,Unknown
meropenem,meropenem,BBB-
mesalazine,,Unknown
mesoridazine,mesoridazine,BBB+
mestranol,mestranol,BBB-
metacycline,,Unknown
metamfetamine,,Unknown
metamizole,,Unknown
metaraminol,metaraminol,BBB-
metaxalone,metaxalone,BBB+
metergoline,,Unknown
metformin,,Unknown
methacholine,methacholine,BBB-
methadone,methadone,BBB+
methantheline,methantheline,BBB-
methazolamide,methazolamide,BBB-
methdilazine,methdilazine,BBB+
methenamine,,Unknown
methimazole,methimazole,BBB-
methionine,,Unknown
methionine,,Unknown
methocarbamol,methocarbamol,BBB+
methohexital,methohexital,BBB+
methotrexate,methotrexate,BBB-
methotrimeprazine,methotrimeprazine,BBB+
methoxamine,,Unknown
methoxsalen,methoxsalen,BBB-
methoxyflurane,methoxyflurane,BBB+
methoxyphenamine,,Unknown
methscopolamine,,Unknown
methscopolamine bromide,,Unknown
methsuximide,methsuximide(mesuximide),BBB+
methyl aminolevulinate,methyl aminolevulinate,BBB-
methyl nicotinate,,Unknown
methyl salicylate,,Unknown
methylchloroisothiazolinone,,Unknown
methyldopa,,Unknown
methylene blue,,Unknown
methylergometrine,,Unknown
methylnaltrexone,,Unknown
methylparaben,,Unknown
methylphenidate,methylphenidate,BBB+
methylphenobarbital,,Unknown
methylprednisolone,methylprednisolone,BBB+
methylprednisolone aceponate,methylprednisolone-aceponate,BBB+
methylprednisolone hemisuccinate,methylprednisolone hemisuccinate,BBB+
methylprednisone,,Unknown
methyltestosterone,methyltestosterone,BBB-
methyprylon,methyprylon,BBB+
methysergide,methysergide,BBB+
meticillin,meticillin (tameticillin),BBB-
meticrane,,Unknown
metipranolol,,Unknown
metixene,metixene,BBB+
metoclopramide,metoclopramide,BBB+
metocurine,,Unknown
metocurine iodide,,Unknown
metolazone,metolazone,BBB-
metoprolol,metoprolol,BBB+
metrizoic acid,,Unknown
metronidazole,metronidazole,BBB+
metyrapone,metyrapone,BBB-
metyrosine,metyrosine,BBB-
mexiletine,,Unknown
mezlocillin,mezlocillin,BBB-
mianserin,(s)-mianserin,BBB+
micafungin,,Unknown
miconazole,(s)-miconazole,BBB+
micronomicin,,Unknown
midazolam,midazolam,BBB+
midodrine,midodrine,BBB-
midostaurin,,Unknown
mifamurtide,,Unknown
mifepristone,mifepristone,BBB-
migalastat,,Unknown
miglitol,miglitol,BBB-
miglustat,,Unknown
milnacipran,milnacipran,BBB+
milrinone,milrinone,BBB-
miltefosine,miltefosine,BBB-
minaprine,minaprine,BBB+
minocycline,minocycline,BBB+
minoxidil,minoxidil,BBB-
mirabegron,(s)-mirabegron,BBB+
mirtazapine,mirtazapine,BBB+
misoprostol,misoprostol,BBB+
mitapivat,,Unknown
mitomycin,mitomycin,BBB-
mitotane,mitotane,BBB-
mitoxantrone,mitoxantrone,BBB-
mivacurium,,Unknown
mizolastine,mizolastine,BBB-
mobocertinib,,Unknown
moclobemide,moclobemide,BBB+
modafinil,modafinil,BBB+
moexipril,moexipril,BBB-
molindone,molindone,BBB+
molsidomine,,Unknown
molybdenum,,Unknown
mometasone furoate,,Unknown
monobenzone,,Unknown
monomethyl fumarate,,Unknown
monopotassium phosphate,,Unknown
montelukast,,Unknown
moricizine,moricizine,BBB-
morphine,morphine,BBB+
morpholinylmercaptobenzothiazole,,Unknown
moxidectin,,Unknown
moxifloxacin,moxifloxacin,BBB-
moxisylyte,,Unknown
moxonidine,moxonidine,BBB+
mupirocin,mupirocin,BBB-
muzolimine,,Unknown
mycophenolate mofetil,mycophenolate mofetil,BBB-
mycophenolic acid,mycophenolic acid (unspecified stereochemistry),BBB-
nabilone,nabilone,BBB+
nabumetone,,Unknown
n-acetylglucosamine,,Unknown
n-acetyltyrosine,,Unknown
nadh,,Unknown
nadolol,nadolol,BBB-
nafarelin,,Unknown
nafcillin,nafcillin,BBB-
naftazone,,Unknown
naftifine,naftifine,BBB-
nalbuphine,nalbuphine,BBB+
naldemedine,,Unknown
nalidixic acid,nalidixic acid,BBB+
nalmefene,nalmefene,BBB+
naloxegol,,Unknown
naloxone,naloxone,BBB+
naltrexone,naltrexone,BBB+
nandrolone decanoate,nandrolone decanoate,BBB-
nandrolone phenpropionate,,Unknown
naphazoline,naphazoline,BBB-
naproxen,naproxen,BBB+
naratriptan,naratriptan,BBB+
natamycin,natamycin,BBB-
nateglinide,,Unknown
"n-cyclohexyl-n'-phenyl-1,4-phenylenediamine",,Unknown
nebivolol,nebivolol,BBB+
nedaplatin,,Unknown
nedocromil,nedocromil,BBB-
nefazodone,nefazodone,BBB+
nefopam,nefopam,BBB+
nelarabine,nelarabine,BBB-
nelfinavir,nelfinavir,BBB+
neon,,Unknown
neostigmine,,Unknown
nepafenac,,Unknown
neratinib,,Unknown
netarsudil,,Unknown
netilmicin,netilmicin,BBB-
netupitant,,Unknown
nevirapine,nevirapine,BBB+
niacin,niacin,BBB-
niacinamide ascorbate,,Unknown
nialamide,nialamide,BBB+
nicardipine,(r)-nicardipine,BBB-
nicergoline,nicergoline,BBB+
nickel sulfate,,Unknown
niclosamide,niclosamide,BBB-
nicoboxil,,Unknown
nicorandil,nicorandil,BBB-
nicotinamide,nicotinamide,BBB+
nicotine,nicotine,BBB+
nifedipine,,Unknown
nifurtimox,,Unknown
nilotinib,nilotinib,BBB-
nilutamide,nilutamide,BBB-
nilvadipine,(r)-nilvadipine,BBB+
nimesulide,nimesulide,BBB-
nimodipine,nimodipine,BBB+
nintedanib,nintedanib,BBB-
niraparib,,Unknown
nirmatrelvir,,Unknown
nisoldipine,nisoldipine,BBB-
nitazoxanide,nitazoxanide,BBB-
nitisinone,nitisinone,BBB-
nitrazepam,nitrazepam,BBB+
nitrendipine,nitrendipine,BBB-
nitric oxide,,Unknown
nitrite,,Unknown
nitrofural,,Unknown
nitrofurantoin,nitrofurantoin,BBB-
nitrogen,nitrogen,BBB+
nitroglycerin,nitroglycerin,BBB-
nitroprusside,,Unknown
nitrous acid,,Unknown
nitrous oxide,nitrous oxide,BBB+
nizatidine,,Unknown
nomegestrol,,Unknown
nomegestrol acetate,,Unknown
nomifensine,nomifensine,BBB+
nonoxynol-9,,Unknown
norelgestromin,norelgestromin,BBB-
norepinephrine,norepinephrine,BBB-
norethisterone,,Unknown
norethynodrel,,Unknown
norfloxacin,norfloxacin,BBB-
norflurane,norflurane,BBB+
norgestimate,norgestimate,BBB-
norgestrel,norgestrel,BBB-
normethadone,normethadone,BBB+
nortriptyline,nortriptyline,BBB+
noscapine,noscapine,BBB+
novobiocin,novobiocin,BBB-
noxytiolin,,Unknown
nylidrin,nylidrin,BBB-
nystatin,nystatin,BBB-
obeticholic acid,,Unknown
octasulfur,,Unknown
octinoxate,,Unknown
octisalate,,Unknown
octocrylene,octocrylene,BBB-
odevixibat,,Unknown
ofloxacin,ofloxacin,BBB+
oftasceine,,Unknown
olanzapine,olanzapine,BBB+
olaparib,,Unknown
oleic acid,,Unknown
oliceridine,,Unknown
olmesartan,,Unknown
olodaterol,,Unknown
olopatadine,olopatadine,BBB-
olsalazine,,Unknown
olutasidenib,,Unknown
omacetaxine mepesuccinate,,Unknown
omadacycline,omadacycline,BBB-
ombitasvir,,Unknown
omeprazole,omeprazole,BBB+
omidenepag isopropyl,,Unknown
ondansetron,ondansetron,BBB+
opicapone,,Unknown
orciprenaline,(s)-orciprenaline,BBB+
oritavancin,,Unknown
orlistat,orlistat,BBB-
ornithine,,Unknown
orphenadrine,orphenadrine,BBB+
oseltamivir,oseltamivir,BBB+
osilodrostat,,Unknown
osimertinib,,Unknown
ospemifene,,Unknown
oteracil,,Unknown
oteseconazole,,Unknown
ouabain,,Unknown
oxacillin,oxacillin,BBB+
oxaliplatin,oxaliplatin,BBB-
oxamniquine,oxamniquine,BBB-
oxandrolone,oxandrolone,BBB-
oxaprozin,oxaprozin,BBB-
oxatomide,oxatomide,BBB+
oxazepam,oxazepam,BBB+
oxcarbazepine,oxcarbazepine,BBB+
oxeladin,,Unknown
oxetacaine,,Unknown
oxiconazole,oxiconazole,BBB-
oxidronic acid,,Unknown
oxilofrine,,Unknown
oxitriptan,oxitriptan,BBB+
oxolamine,,Unknown
oxprenolol,oxprenolol,BBB+
oxtriphylline,,Unknown
oxybenzone,,Unknown
oxybuprocaine,oxybuprocaine,BBB-
oxybutynin,(r)-oxybutynin,BBB+
oxycodone,oxycodone,BBB+
oxygen,,Unknown
oxymetazoline,oxymetazoline,BBB-
oxymetholone,,Unknown
oxymorphone,oxymorphone,BBB+
oxyphenbutazone,oxyphenbutazone,BBB-
oxyphencyclimine,oxyphencyclimine,BBB-
oxyphenisatin acetate,,Unknown
oxyphenonium,oxyphenonium,BBB-
oxyquinoline,,Unknown
oxytetracycline,oxytetracycline,BBB-
ozanimod,,Unknown
ozenoxacin,,Unknown
paclitaxel,paclitaxel,BBB+
pacritinib,,Unknown
padeliporfin,,Unknown
padimate o,,Unknown
pafolacianine,,Unknown
palbociclib,,Unknown
paliperidone,paliperidone,BBB+
palmitic acid,,Unknown
palonosetron,,Unknown
palovarotene,,Unknown
pamidronic acid,,Unknown
pancuronium,,Unknown
panobinostat,,Unknown
pantethine,,Unknown
panthenol,,Unknown
pantoprazole,pantoprazole,BBB-
pantothenic acid,,Unknown
papaverine,papaverine,BBB-
parachlorophenol,,Unknown
paraldehyde,paraldehyde,BBB+
paramethadione,paramethadione,BBB+
paramethasone acetate,paramethasone-acetate,BBB+
parecoxib,,Unknown
pargyline,pargyline,BBB+
paricalcitol,paricalcitol,BBB-
paritaprevir,,Unknown
paromomycin,,Unknown
paroxetine,paroxetine,BBB+
parthenolide,,Unknown
pasireotide,,Unknown
patent blue,,Unknown
pazopanib,pazopanib,BBB+
pbt-434,,Unknown
pefloxacin,pefloxacin,BBB+
pemetrexed,pemetrexed,BBB-
pemigatinib,,Unknown
pemirolast,pemirolast,BBB-
pemoline,pemoline,BBB+
penbutolol,,Unknown
penciclovir,,Unknown
penicillamine,penicillamine,BBB-
pentaerythritol tetranitrate,pentaerythritol tetranitrate,BBB-
pentafluoropropane,,Unknown
pentagastrin,pentagastrin,BBB-
pentamidine,pentamidine,BBB-
pentazocine,pentazocine,BBB+
pentetic acid,,Unknown
pentetreotide,,Unknown
pentobarbital,pentobarbital,BBB+
pentolinium,pentolinium,BBB-
pentosan polysulfate,pentosan polysulfate,BBB-
pentostatin,pentostatin,BBB+
pentoxifylline,pentoxifylline,BBB-
pentoxyverine,,Unknown
peramivir,,Unknown
perampanel,,Unknown
perazine,perazine,BBB+
perboric acid,,Unknown
perflexane,,Unknown
perflubutane,,Unknown
perflutren,perflutren,BBB-
pergolide,pergolide,BBB+
perhexiline,perhexiline,BBB-
periciazine,,Unknown
perindopril,perindopril,BBB-
permethrin,permethrin,BBB-
perphenazine,perphenazine,BBB+
pexidartinib,,Unknown
phenacemide,phenacemide,BBB+
phenazopyridine,phenazopyridine,BBB-
phendimetrazine,phendimetrazine,BBB+
phenelzine,phenelzine,BBB+
pheneticillin,pheneticillin,BBB-
phenformin,phenformin,BBB-
phenindamine,phenindamine,BBB+
phenindione,,Unknown
pheniramine,(+)-pheniramine,BBB-
phenmetrazine,phenmetrazine,BBB+
phenobarbital,phenobarbital,BBB+
phenol,phenol,BBB-
phenolphthalein,phenolphthalein,BBB-
phenoxybenzamine,phenoxybenzamine,BBB-
phenoxymethylpenicillin,phenoxymethylpenicillin,BBB-
phenprocoumon,phenprocoumon,BBB-
phensuximide,phensuximide,BBB+
phentermine,phentermine,BBB+
phentolamine,phentolamine,BBB-
phenyl aminosalicylate,,Unknown
phenyl salicylate,phenyl-salicylate,BBB+
phenylacetic acid,,Unknown
phenylalanine,,Unknown
phenylbutazone,phenylbutazone,BBB+
phenylbutyric acid,,Unknown
phenylephrine,phenylephrine,BBB+
phenylethyl resorcinol,,Unknown
phenylpropanolamine,,Unknown
phenyltoloxamine,,Unknown
phenytoin,phenytoin,BBB+
phloxine b,,Unknown
pholcodine,,Unknown
phosphoric acid,,Unknown
phosphorus,,Unknown
phthalylsulfathiazole,phthalylsulfathiazole,BBB-
phylloquinone,,Unknown
physostigmine,physostigmine,BBB+
pibrentasvir,pibrentasvir,BBB-
picosulfuric acid,,Unknown
pidolic acid,,Unknown
piflufolastat f 18,,Unknown
pilocarpine,pilocarpine,BBB-
pimavanserin,,Unknown
pimecrolimus,,Unknown
pimethixene,pimethixene,BBB+
pimozide,pimozide,BBB+
pinacidil,pinacidil,BBB-
pinaverium,pinaverium,BBB-
pindolol,pindolol,BBB+
pioglitazone,pioglitazone,BBB-
pipecuronium,pipecuronium,BBB-
piperacillin,piperacillin,BBB+
piperaquine,,Unknown
piperazine,,Unknown
piperonyl butoxide,,Unknown
pipobroman,pipobroman,BBB-
pipotiazine,pipotiazine,BBB+
pipradrol,pipradrol,BBB+
piracetam,piracetam,BBB+
pirbuterol,pirbuterol,BBB-
pirenzepine,,Unknown
piretanide,piretanide,BBB+
pirfenidone,pirfenidone,BBB-
piritramide,piritramide,BBB+
piroxicam,piroxicam,BBB-
pitavastatin,,Unknown
pitolisant,,Unknown
pivampicillin,pivampicillin,BBB-
pivmecillinam,pivmecillinam,BBB-
pixantrone,,Unknown
pizotifen,pizotifen,BBB+
plazomicin,,Unknown
plecanatide,,Unknown
plerixafor,plerixafor,BBB-
plicamycin,plicamycin,BBB+
p-nitrobiphenyl,,Unknown
podofilox,,Unknown
podophyllin,,Unknown
polidocanol,,Unknown
polydatin,,Unknown
polymyxin b,,Unknown
polythiazide,polythiazide,BBB-
pomalidomide,,Unknown
ponatinib,ponatinib,BBB-
ponesimod,,Unknown
posaconazole,,Unknown
potassium,,Unknown
potassium acetate,,Unknown
potassium alum,,Unknown
potassium aspartate,,Unknown
potassium bicarbonate,,Unknown
potassium carbonate,,Unknown
potassium cation,,Unknown
potassium chloride,,Unknown
potassium citrate,,Unknown
potassium gluconate,,Unknown
potassium hydroxide,,Unknown
potassium iodide,,Unknown
potassium lactate,,Unknown
potassium nitrate,,Unknown
potassium perchlorate,,Unknown
potassium sulfate,,Unknown
p-phenylenediamine,,Unknown
practolol,practolol,BBB+
pralatrexate,,Unknown
pralidoxime,pralidoxime,BBB+
pralsetinib,,Unknown
pramipexole,pramipexole,BBB+
pramiracetam,pramiracetam,BBB+
pramlintide,,Unknown
pramocaine,,Unknown
prasterone,,Unknown
prasterone enantate,,Unknown
prasugrel,prasugrel,BBB-
pravastatin,pravastatin,BBB-
prazepam,prazepam,BBB+
praziquantel,(s)-praziquantel,BBB+
prazosin,prazosin,BBB+
prednicarbate,prednicarbate,BBB+
prednisolone,prednisolone,BBB+
prednisolone acetate,prednisolone acetate,BBB+
prednisolone phosphate,,Unknown
prednisolone tebutate,prednisolone-tebutate,BBB+
prednisone,prednisone,BBB+
prednisone acetate,,Unknown
pregabalin,pregabalin,BBB+
pregnenolone,pregnenolone,BBB+
prenylamine,,Unknown
pretomanid,,Unknown
prilocaine,,Unknown
primaquine,,Unknown
primidone,primidone,BBB+
probenecid,probenecid,BBB+
probucol,probucol,BBB-
procainamide,procainamide,BBB-
procaine,procaine,BBB+
procaine benzylpenicillin,,Unknown
procaine merethoxylline,,Unknown
procarbazine,,Unknown
procaterol,procaterol,BBB-
prochlorperazine,,Unknown
procyclidine,(r)-procyclidine,BBB+
profenamine,(s)-profenamine,BBB+
proflavine,proflavine,BBB-
progesterone,progesterone,BBB+
proguanil,,Unknown
promazine,promazine,BBB+
promethazine,promethazine,BBB+
propafenone,propafenone,BBB-
propanoic acid,,Unknown
propantheline,propantheline,BBB-
proparacaine,,Unknown
propiolactone,,Unknown
propiomazine,propiomazine,BBB+
propiverine,,Unknown
propofol,"propofol, diprivan",BBB+
propoxycaine,,Unknown
propranolol,propranolol,BBB-
propyl alcohol,,Unknown
propylene glycol,,Unknown
propylhexedrine,(r)-propylhexedrine,BBB+
propyliodone,propyliodone,BBB-
propylparaben,,Unknown
propylthiouracil,propylthiouracil,BBB-
protionamide,,Unknown
protirelin,,Unknown
protokylol,,Unknown
protriptyline,protriptyline,BBB+
proxibarbal,proxibarbal,BBB+
prucalopride,prucalopride,BBB+
prussian blue,,Unknown
pseudoephedrine,,Unknown
pyrantel,pyrantel,BBB-
pyrazinamide,pyrazinamide,BBB+
pyridostigmine,,Unknown
pyridoxal phosphate,,Unknown
pyridoxine,pyridoxine,BBB-
pyrimethamine,pyrimethamine,BBB+
pyrithione,pyrithione,BBB-
pyrophosphoric acid,,Unknown
pyruvic acid,,Unknown
pyrvinium,pyrvinium,BBB-
quaternium-15,,Unknown
quazepam,quazepam,BBB+
quetiapine,quetiapine,BBB+
quinagolide,quinagolide,BBB+
quinapril,quinapril,BBB-
quinestrol,,Unknown
quinethazone,quinethazone,BBB-
quinidine,quinidine,BBB+
quinidine barbiturate,,Unknown
quinine,,Unknown
quinupramine,quinupramine,BBB+
quinupristin,,Unknown
rabeprazole,,Unknown
racemethionine,,Unknown
racephedrine,,Unknown
radium ra 223 dichloride,,Unknown
raloxifene,raloxifene,BBB-
raltegravir,,Unknown
raltitrexed,raltitrexed,BBB-
ramelteon,ramelteon,BBB+
ramipril,ramipril,BBB-
ranitidine,ranitidine,BBB-
ranolazine,,Unknown
rapacuronium,,Unknown
rasagiline,rasagiline,BBB+
rebamipide,rebamipide,BBB-
reboxetine,reboxetine,BBB+
regadenoson,regadenoson,BBB-
regorafenib,regorafenib,BBB-
relebactam,,Unknown
relugolix,,Unknown
remdesivir,,Unknown
remifentanil,remifentanil,BBB+
remimazolam,,Unknown
remoxipride,remoxipride,BBB+
repaglinide,repaglinide,BBB-
rescinnamine,rescinnamine,BBB+
reserpine,reserpine,BBB+
resorcinol,"resorcinol, 2-p-mentha-1,8-dien-3-yl-5-pentyl-, (-)-(e)-",BBB+
resorcinol monoacetate,,Unknown
retapamulin,,Unknown
revefenacin,,Unknown
ribavirin,ribavirin,BBB+
ribociclib,,Unknown
riboflavin,riboflavin,BBB-
ribostamycin,,Unknown
rifabutin,rifabutin,BBB-
rifampicin,rifampicin,BBB-
rifamycin,rifamycin,BBB-
rifapentine,rifapentine,BBB-
rifaximin,rifaximin,BBB-
rilmenidine,rilmenidine,BBB-
rilpivirine,rilpivirine,BBB-
riluzole,riluzole,BBB+
rimantadine,,Unknown
rimegepant,,Unknown
rimexolone,rimexolone,BBB+
rimonabant,rimonabant,BBB+
riociguat,,Unknown
ripretinib,,Unknown
risdiplam,,Unknown
risedronic acid,,Unknown
risperidone,risperidone,BBB+
ritiometan,,Unknown
ritodrine,,Unknown
ritonavir,ritonavir,BBB-
rivaroxaban,rivaroxaban,BBB-
rivastigmine,rivastigmine,BBB+
rizatriptan,rizatriptan,BBB+
rocuronium,,Unknown
rofecoxib,"rofecoxib, vioxx",BBB+
roflumilast,roflumilast,BBB-
rolapitant,,Unknown
rolitetracycline,rolitetracycline,BBB-
romidepsin,,Unknown
ropinirole,ropinirole (skf101468),BBB+
ropivacaine,,Unknown
rose bengal,,Unknown
rose bengal i-131,,Unknown
rosiglitazone,rosiglitazone,BBB-
rosoxacin,rosoxacin,BBB-
rosuvastatin,rosuvastatin,BBB-
rotigotine,,Unknown
roxadustat,,Unknown
roxithromycin,roxithromycin,BBB-
rubidium,,Unknown
rubidium rb-82,,Unknown
rucaparib,,Unknown
rufinamide,rufinamide,BBB+
rupatadine,,Unknown
rutin,,Unknown
ruxolitinib,,Unknown
sacubitril,,Unknown
safinamide,,Unknown
salbutamol,salbutamol ,BBB-
salicylamide,,Unknown
salicylic acid,salicylic acid (2-hydroxybenzoic acid),BBB-
salmeterol,salmeterol,BBB-
salsalate,,Unknown
samarium (153sm) lexidronam,,Unknown
samidorphan,,Unknown
sapropterin,,Unknown
saquinavir,saquinavir,BBB+
sarecycline,sarecycline,BBB-
saxagliptin,saxagliptin,BBB-
scopolamine,scopolamine,BBB+
secnidazole,,Unknown
secobarbital,secobarbital,BBB+
segesterone acetate,,Unknown
selegiline,selegiline,BBB+
selenic acid,,Unknown
selenious acid,,Unknown
selenium,,Unknown
selenium sulfide,,Unknown
selenomethionine,,Unknown
selenomethionine se-75,,Unknown
selexipag,selexipag,BBB-
selinexor,selinexor,BBB-
selpercatinib,,Unknown
selumetinib,,Unknown
semaglutide,,Unknown
serdexmethylphenidate,,Unknown
sertaconazole,sertaconazole,BBB-
sertindole,sertindole,BBB+
sertraline,sertraline,BBB+
setmelanotide,,Unknown
sevelamer,,Unknown
sevoflurane,sevoflurane,BBB+
sibutramine,sibutramine,BBB+
silanol,,Unknown
sildenafil,sildenafil,BBB-
silicon,,Unknown
silicon dioxide,,Unknown
silodosin,silodosin,BBB-
silodrate,,Unknown
silver,,Unknown
silver nitrate,,Unknown
silver sulfadiazine,,Unknown
simeprevir,,Unknown
simethicone,,Unknown
simvastatin,simvastatin,BBB+
sinapultide,,Unknown
sincalide,,Unknown
siponimod,,Unknown
sirolimus,sirolimus,BBB-
sitagliptin,sitagliptin,BBB-
sitaxentan,sitaxentan,BBB-
"sodium 1,2-dipalmitoyl-sn-glycero-3-phospho-(1'-rac-glycerol)",,Unknown
sodium acetate,,Unknown
sodium ascorbate,,Unknown
sodium aurothiomalate,,Unknown
sodium aurotiosulfate,,Unknown
sodium bicarbonate,,Unknown
sodium bisulfite,,Unknown
sodium borate,,Unknown
sodium camphorsulfonate,,Unknown
sodium carbonate,,Unknown
sodium chloride,,Unknown
sodium chromate cr-51,,Unknown
sodium citrate,,Unknown
sodium feredetate,,Unknown
sodium ferric gluconate complex,,Unknown
sodium fluoride,,Unknown
sodium fluorophosphate,,Unknown
sodium glycerophosphate,,Unknown
sodium hydroxide,,Unknown
sodium iodide,,Unknown
sodium lauryl sulfoacetate,,Unknown
sodium metavanadate,,Unknown
sodium molybdate,,Unknown
sodium oxybate,,Unknown
sodium phosphate p 32,,Unknown
"sodium phosphate, dibasic",,Unknown
"sodium phosphate, monobasic",,Unknown
sodium stibogluconate,,Unknown
sodium sulfate,,Unknown
sodium sulfide,,Unknown
sodium tartrate,,Unknown
sodium tetradecyl sulfate,sodium tetradecyl sulfate,BBB-
sodium zirconium cyclosilicate,,Unknown
sofosbuvir,sofosbuvir,BBB-
solifenacin,,Unknown
solriamfetol,,Unknown
somatostatin,,Unknown
sonidegib,,Unknown
sorafenib,sorafenib,BBB+
sorbitol,,Unknown
sotagliflozin,,Unknown
sotalol,sotalol,BBB+
sotorasib,,Unknown
sparfloxacin,sparfloxacin,BBB+
spectinomycin,,Unknown
spinosad,spinosad,BBB-
spiramycin,spiramycin,BBB-
spirapril,spirapril,BBB-
spironolactone,spironolactone,BBB-
squalene,,Unknown
stannous chloride,,Unknown
stannous fluoride,,Unknown
stanozolol,stanozolol,BBB-
stavudine,stavudine,BBB+
stearic acid,,Unknown
steviolbioside,,Unknown
stiripentol,stiripentol,BBB+
streptomycin,streptomycin,BBB-
streptozocin,streptozocin,BBB-
strontium chloride,,Unknown
strontium chloride sr-89,,Unknown
strontium ranelate,,Unknown
succimer,succimer,BBB-
succinic acid,,Unknown
succinylcholine,succinylcholine,BBB-
sucralfate,sucralfate,BBB-
sucrose,sucrose,BBB-
sufentanil,sufentanil,BBB+
sugammadex,,Unknown
sulbactam,,Unknown
sulconazole,sulconazole,BBB-
sulfabenzamide,,Unknown
sulfacetamide,sulfacetamide,BBB-
sulfacytine,sulfacytine,BBB-
sulfadiazine,sulfadiazine,BBB+
sulfadimethoxine,sulfadimethoxine,BBB-
sulfadoxine,sulfadoxine,BBB-
sulfamerazine,sulfamerazine,BBB-
sulfameter,sulfameter,BBB-
sulfamethazine,,Unknown
sulfamethizole,sulfamethizole,BBB-
sulfamethoxazole,sulfamethoxazole,BBB+
sulfametopyrazine,,Unknown
sulfanilamide,sulfanilamide,BBB-
sulfaphenazole,sulfaphenazole,BBB-
sulfapyridine,sulfapyridine,BBB-
sulfasalazine,,Unknown
sulfathiazole,sulfathiazole,BBB-
sulfinpyrazone,sulfinpyrazone,BBB-
sulfisoxazole,,Unknown
sulfoxone,sulfoxone,BBB-
sulfur hexafluoride,,Unknown
sulindac,sulindac,BBB+
sulpiride,sulpiride,BBB-
sultamicillin,sultamicillin,BBB-
sulthiame,sulthiame(sultiame),BBB+
sultopride,sultopride,BBB+
sumatriptan,sumatriptan,BBB+
sunitinib,sunitinib,BBB+
suprofen,,Unknown
suvorexant,,Unknown
synthetic camphor,,Unknown
tacrine,"tacrine, cognex",BBB+
tacrolimus,tacrolimus,BBB-
tadalafil,,Unknown
tafamidis,tafamidis,BBB-
tafenoquine,tafenoquine,BBB-
tafluprost,,Unknown
talazoparib,talazoparib,BBB-
talbutal,talbutal,BBB+
talc,,Unknown
tamoxifen,(e)-tamoxifen,BBB+
tamsulosin,tamsulosin,BBB-
tannic acid,,Unknown
tapentadol,,Unknown
tapinarof,,Unknown
tasimelteon,,Unknown
taurine,,Unknown
taurocholic acid,,Unknown
taurolidine,taurolidine,BBB-
tauroursodeoxycholic acid,tauroursodeoxycholic acid,BBB-
tavaborole,,Unknown
tazarotene,tazarotene,BBB-
tazemetostat,,Unknown
tazobactam,tazobactam,BBB-
technetium tc-99m disofenin,,Unknown
technetium tc-99m etidronate,,Unknown
technetium tc-99m mebrofenin,,Unknown
technetium tc-99m medronate,,Unknown
technetium tc-99m oxidronate,,Unknown
technetium tc-99m pertechnetate,,Unknown
technetium tc-99m pyrophosphate,,Unknown
technetium tc-99m sestamibi,,Unknown
technetium tc-99m succimer,,Unknown
technetium tc-99m sulfur colloid,,Unknown
technetium tc-99m tetrofosmin,,Unknown
tecovirimat,,Unknown
tedizolid,,Unknown
tedizolid phosphate,,Unknown
tegafur,tegafur,BBB-
tegafur-uracil,,Unknown
tegaserod,tegaserod,BBB-
teicoplanin,teicoplanin,BBB-
telaprevir,telaprevir,BBB-
telavancin,,Unknown
telbivudine,telbivudine,BBB-
telithromycin,telithromycin,BBB-
telmisartan,telmisartan,BBB-
telotristat ethyl,,Unknown
temazepam,temazepam,BBB+
temocillin,temocillin,BBB-
temoporfin,temoporfin,BBB-
temozolomide,temozolomide,BBB+
temsirolimus,temsirolimus,BBB+
tenapanor,,Unknown
teniposide,teniposide,BBB+
tenofovir alafenamide,,Unknown
tenofovir disoproxil,,Unknown
tenoxicam,tenoxicam,BBB-
tepotinib,,Unknown
terazosin,terazosin,BBB-
terbinafine,terbinafine,BBB+
terbutaline,(+)-terbutaline,BBB+
terconazole,terconazole,BBB-
terfenadine,terfenadine,BBB-
teriflunomide,,Unknown
terizidone,,Unknown
terpin hydrate,,Unknown
testolactone,testolactone,BBB-
testosterone,testosterone,BBB+
testosterone cypionate,,Unknown
testosterone enantate benzilic acid hydrazone,,Unknown
testosterone enanthate,,Unknown
testosterone propionate,,Unknown
testosterone undecanoate,,Unknown
tetrabenazine,tetrabenazine (tetrabenzine),BBB+
tetracaine,,Unknown
tetrachlorodecaoxide,,Unknown
tetracosactide,,Unknown
tetracycline,tetracycline,BBB-
tetracycline phosphate complex,,Unknown
tetradecyl hydrogen sulfate (ester),,Unknown
tetraferric tricitrate decahydrate,,Unknown
tetrakis(2-methoxyisobutylisocyanide)copper(i) tetrafluoroborate,,Unknown
tetramethylthiuram monosulfide,,Unknown
tetrofosmin,,Unknown
tetryzoline,,Unknown
tezacaftor,,Unknown
thalidomide,thalidomide,BBB+
thallous chloride,,Unknown
thallous chloride tl-201,,Unknown
thenalidine,,Unknown
thenyldiamine,,Unknown
theophylline,theophylline,BBB+
thiabendazole,thiabendazole,BBB-
thiamine,thiamine,BBB-
thiamylal,thiamylal,BBB+
thiethylperazine,thiethylperazine,BBB+
thimerosal,,Unknown
thiohexam,,Unknown
thiopental,thiopental (thiopentone),BBB+
thioridazine,thioridazine,BBB+
thiosulfuric acid,,Unknown
thiotepa,thiotepa,BBB+
thiothixene,thiothixene (tiotixene),BBB+
thiram,,Unknown
thonzonium,thonzonium,BBB-
thonzylamine,,Unknown
threonine,,Unknown
thymol,,Unknown
tiagabine,,Unknown
tiaprofenic acid,,Unknown
tibolone,tibolone,BBB+
ticagrelor,ticagrelor,BBB-
ticarcillin,ticarcillin,BBB+
ticlopidine,,Unknown
tigecycline,,Unknown
tilarginine,,Unknown
tilbroquinol,,Unknown
tiludronic acid,,Unknown
timolol,timolol,BBB-
tinidazole,,Unknown
tioconazole,,Unknown
tioguanine,,Unknown
tiopronin,tiopronin,BBB-
tiotropium,,Unknown
tipiracil,,Unknown
tipranavir,,Unknown
tirbanibulin,,Unknown
tirofiban,,Unknown
titanium dioxide,,Unknown
tivozanib,,Unknown
tixocortol,tixocortol,BBB+
tizanidine,tizanidine,BBB+
tobramycin,tobramycin,BBB-
tocainide,tocainide,BBB-
tofacitinib,,Unknown
tolazamide,tolazamide,BBB-
tolazoline,tolazoline,BBB+
tolbutamide,tolbutamide,BBB-
tolcapone,,Unknown
tolfenamic acid,,Unknown
tolmetin,,Unknown
tolnaftate,tolnaftate,BBB-
tolterodine,tolterodine,BBB-
tolvaptan,tolvaptan,BBB-
topiramate,topiramate,BBB+
topotecan,topotecan,BBB+
torasemide,torasemide,BBB-
toremifene,toremifene,BBB-
trabectedin,,Unknown
tramadol,tramadol,BBB+
trametinib,trametinib,BBB-
trandolapril,trandolapril,BBB-
tranexamic acid,,Unknown
tranylcypromine,tranylcypromine,BBB+
travoprost,,Unknown
trazodone,trazodone,BBB+
treosulfan,treosulfan,BBB-
treprostinil,treprostinil,BBB-
tretinoin,tretinoin,BBB+
triamcinolone,triamcinolone,BBB-
triamterene,triamterene,BBB-
triazolam,triazolam,BBB+
trichlormethiazide,trichlormethiazide,BBB-
trichloroethylene,,Unknown
triclabendazole,triclabendazole,BBB-
triclocarban,,Unknown
triclofos,,Unknown
triclosan,triclosan,BBB+
triethylenetetramine,,Unknown
trifarotene,,Unknown
trifluoperazine,trifluoperazine,BBB+
triflupromazine,,Unknown
trifluridine,,Unknown
triflusal,,Unknown
triheptanoin,,Unknown
trihexyphenidyl,trihexyphenidyl,BBB+
trilaciclib,,Unknown
trilostane,,Unknown
trimebutine,,Unknown
trimetazidine,,Unknown
trimethadione,trimethadione,BBB+
trimethaphan,trimethaphan,BBB-
trimethobenzamide,trimethobenzamide,BBB+
trimethoprim,trimethoprim,BBB+
trimetrexate,trimetrexate,BBB-
trimipramine,trimipramine,BBB+
trioxsalen,trioxsalen,BBB-
tripelennamine,tripelennamine,BBB+
triprolidine,,Unknown
triptorelin,,Unknown
tritoqualine,,Unknown
troglitazone,,Unknown
trolamine,,Unknown
trolamine salicylate,,Unknown
troleandomycin,troleandomycin,BBB-
tromantadine,,Unknown
tromethamine,,Unknown
tropicamide,tropicamide,BBB-
tropisetron,tropisetron,BBB+
trospium,trospium,BBB+
trovafloxacin,trovafloxacin,BBB+
trypan blue free acid,,Unknown
tryptophan,,Unknown
tubocurarine,tubocurarine,BBB-
tucatinib,,Unknown
tyropanoic acid,,Unknown
tyrosine,,Unknown
ubidecarenone,,Unknown
ubiquinol,,Unknown
ubrogepant,,Unknown
udenafil,udenafil,BBB-
ulipristal,,Unknown
ulobetasol,ulobetasol,BBB+
umbralisib,,Unknown
umeclidinium,,Unknown
undecoylium chloride iodine complex,,Unknown
undecylenic acid,,Unknown
unoprostone,,Unknown
upadacitinib,,Unknown
uracil mustard,,Unknown
urea,urea,BBB+
urea,urea,BBB+
urea c-13,,Unknown
urea c-13,,Unknown
urea c-14,,Unknown
urea c-14,,Unknown
urethane,urethane,BBB+
uridine triacetate,,Unknown
ursodeoxycholic acid,,Unknown
vaborbactam,,Unknown
valaciclovir,,Unknown
valbenazine,,Unknown
valdecoxib,,Unknown
valganciclovir,valganciclovir,BBB+
valine,,Unknown
valproate bismuth,,Unknown
valproic acid,valproic acid,BBB+
valrubicin,valrubicin,BBB-
valsartan,,Unknown
vanadium,,Unknown
vancomycin,vancomycin,BBB-
vandetanib,,Unknown
vanillyl butyl ether,,Unknown
vardenafil,vardenafil,BBB-
varenicline,varenicline,BBB+
vasopressin,vasopressin,BBB-
vecuronium,,Unknown
velpatasvir,,Unknown
vemurafenib,vemurafenib,BBB-
venetoclax,,Unknown
venlafaxine,venlafaxine,BBB+
verapamil,verapamil,BBB+
vericiguat,,Unknown
vernakalant,,Unknown
verteporfin,verteporfin,BBB-
vibegron,,Unknown
vidarabine,vidarabine,BBB+
vigabatrin,vigabatrin,BBB+
vilanterol,,Unknown
vilazodone,vilazodone,BBB+
vildagliptin,vildagliptin,BBB-
viloxazine,viloxazine,BBB+
vinblastine,vinblastine,BBB+
vincristine,vincristine,BBB-
vindesine,vindesine,BBB-
vinflunine,,Unknown
vinorelbine,vinorelbine,BBB-
viomycin,,Unknown
vismodegib,,Unknown
vitamin a,,Unknown
vitamin a,,Unknown
vitamin e,,Unknown
vitamin e,,Unknown
voclosporin,,Unknown
vonoprazan,,Unknown
vorapaxar,,Unknown
voriconazole,voriconazole,BBB-
vorinostat,,Unknown
vortioxetine,,Unknown
voxelotor,,Unknown
voxilaprevir,,Unknown
warfarin,(s)-warfarin,BBB-
xamoterol,,Unknown
xanthinol,,Unknown
xenon xe-127,,Unknown
xenon xe-129,,Unknown
xenon-133,,Unknown
ximelagatran,ximelagatran,BBB-
xylometazoline,xylometazoline,BBB-
xylose,xylose,BBB-
yohimbine,yohimbine,BBB-
yttrium y-90,,Unknown
zafirlukast,zafirlukast,BBB-
zalcitabine,zalcitabine,BBB+
zaleplon,zaleplon,BBB+
zanamivir,zanamivir,BBB-
zanubrutinib,,Unknown
zeaxanthin,,Unknown
ziconotide,,Unknown
zidovudine,zidovudine,BBB+
zileuton,zileuton,BBB-
zimelidine,,Unknown
zinc,,Unknown
zinc acetate,,Unknown
zinc ascorbate,,Unknown
zinc chloride,,Unknown
zinc dibutyldithiocarbamate,,Unknown
zinc gluconate,,Unknown
zinc oxide,,Unknown
zinc phenolsulfonate,,Unknown
zinc sulfate,,Unknown
ziprasidone,ziprasidone,BBB+
zirconium chloride hydroxide,,Unknown
zofenopril,,Unknown
"zoledronate d,l-lysine monohydrate",,Unknown
zoledronic acid,zoledronic acid,BBB-
zolmitriptan,zolmitriptan,BBB-
zolpidem,zolpidem,BBB+
zonisamide,zonisamide,BBB+
zopiclone,zopiclone,BBB+
zotepine,zotepine,BBB+
zucapsaicin,,Unknown
zuclopenthixol,,Unknown
zytron,,Unknown
